current_path	introducing_commit	introducing_commit_date	last_commit	last_commit_date	family_id	operator_provenance	operator_lineage_evidence	pre_native_lineage_commit	scientific_lifecycle	lifecycle_evidence	primary_owner	secondary_consumers	migration_safety	corrected_destination_proposal	family_note
cascade_bv10_E2_period.py	add2f22217576fa96308c68bc459e8e271affddf	2026-07-02T20:49:47-04:00	add2f22217576fa96308c68bc459e8e271affddf	2026-07-02T20:49:47-04:00	C06_THETA0_ACCUMULATION	NATIVE_2026-07-01	ladder_theta0_accumulation_results.md;ladder_lemmaD_sealing_amplitude_results.md;f766478		HISTORICAL	archive/INDEX_pre_simple_metric_WR_L_2026-07-09.md:SUPERSEDED_as_frontier;family_result_record	FOUNDATIONS	MACRO;PARTICLE_MASS	BLOCKED_PROVENANCE_CORRECTION_REQUIRED	archive/native_2026-07-01/foundations/universe_cell/cascade_bv10_E2_period.py	second-order closure uses the native T3 EOM, Hamiltonian, flux law, and fold pins
cascade_bv10_E2_symbolic.py	add2f22217576fa96308c68bc459e8e271affddf	2026-07-02T20:49:47-04:00	add2f22217576fa96308c68bc459e8e271affddf	2026-07-02T20:49:47-04:00	C06_THETA0_ACCUMULATION	NATIVE_2026-07-01	ladder_theta0_accumulation_results.md;ladder_lemmaD_sealing_amplitude_results.md;f766478		HISTORICAL	archive/INDEX_pre_simple_metric_WR_L_2026-07-09.md:SUPERSEDED_as_frontier;family_result_record	FOUNDATIONS	MACRO;PARTICLE_MASS	BLOCKED_PROVENANCE_CORRECTION_REQUIRED	archive/native_2026-07-01/foundations/universe_cell/cascade_bv10_E2_symbolic.py	second-order closure uses the native T3 EOM, Hamiltonian, flux law, and fold pins
cascade_bv10_E3_bottom.py	add2f22217576fa96308c68bc459e8e271affddf	2026-07-02T20:49:47-04:00	add2f22217576fa96308c68bc459e8e271affddf	2026-07-02T20:49:47-04:00	C06_THETA0_ACCUMULATION	NATIVE_2026-07-01	ladder_theta0_accumulation_results.md;ladder_lemmaD_sealing_amplitude_results.md;f766478		HISTORICAL	archive/INDEX_pre_simple_metric_WR_L_2026-07-09.md:SUPERSEDED_as_frontier;family_result_record	FOUNDATIONS	MACRO;PARTICLE_MASS	BLOCKED_PROVENANCE_CORRECTION_REQUIRED	archive/native_2026-07-01/foundations/universe_cell/cascade_bv10_E3_bottom.py	second-order closure uses the native T3 EOM, Hamiltonian, flux law, and fold pins
cascade_bv10_assembly.py	add2f22217576fa96308c68bc459e8e271affddf	2026-07-02T20:49:47-04:00	add2f22217576fa96308c68bc459e8e271affddf	2026-07-02T20:49:47-04:00	C06_THETA0_ACCUMULATION	NATIVE_2026-07-01	ladder_theta0_accumulation_results.md;ladder_lemmaD_sealing_amplitude_results.md;f766478		HISTORICAL	archive/INDEX_pre_simple_metric_WR_L_2026-07-09.md:SUPERSEDED_as_frontier;family_result_record	FOUNDATIONS	MACRO;PARTICLE_MASS	BLOCKED_PROVENANCE_CORRECTION_REQUIRED	archive/native_2026-07-01/foundations/universe_cell/cascade_bv10_assembly.py	second-order closure uses the native T3 EOM, Hamiltonian, flux law, and fold pins
cascade_bv10_cas.py	add2f22217576fa96308c68bc459e8e271affddf	2026-07-02T20:49:47-04:00	add2f22217576fa96308c68bc459e8e271affddf	2026-07-02T20:49:47-04:00	C06_THETA0_ACCUMULATION	NATIVE_2026-07-01	ladder_theta0_accumulation_results.md;ladder_lemmaD_sealing_amplitude_results.md;f766478		HISTORICAL	archive/INDEX_pre_simple_metric_WR_L_2026-07-09.md:SUPERSEDED_as_frontier;family_result_record	FOUNDATIONS	MACRO;PARTICLE_MASS	BLOCKED_PROVENANCE_CORRECTION_REQUIRED	archive/native_2026-07-01/foundations/universe_cell/cascade_bv10_cas.py	second-order closure uses the native T3 EOM, Hamiltonian, flux law, and fold pins
cascade_bv10_reshoot.py	add2f22217576fa96308c68bc459e8e271affddf	2026-07-02T20:49:47-04:00	add2f22217576fa96308c68bc459e8e271affddf	2026-07-02T20:49:47-04:00	C06_THETA0_ACCUMULATION	NATIVE_2026-07-01	ladder_theta0_accumulation_results.md;ladder_lemmaD_sealing_amplitude_results.md;f766478		HISTORICAL	archive/INDEX_pre_simple_metric_WR_L_2026-07-09.md:SUPERSEDED_as_frontier;family_result_record	FOUNDATIONS	MACRO;PARTICLE_MASS	BLOCKED_PROVENANCE_CORRECTION_REQUIRED	archive/native_2026-07-01/foundations/universe_cell/cascade_bv10_reshoot.py	second-order closure uses the native T3 EOM, Hamiltonian, flux law, and fold pins
cascade_bv11_lib.py	48b50d402960f92aaa345daee26ae7dd14dca0c0	2026-07-03T11:27:21-04:00	48b50d402960f92aaa345daee26ae7dd14dca0c0	2026-07-03T11:27:21-04:00	C07_TWIN_LADDER	NATIVE_2026-07-01	twin_ladder_involution_results.md;ladder_theta0_accumulation_results.md;f766478		HISTORICAL	archive/INDEX_pre_simple_metric_WR_L_2026-07-09.md:SUPERSEDED_as_frontier;family_result_record	FOUNDATIONS	MACRO;PARTICLE_MASS	BLOCKED_PROVENANCE_CORRECTION_REQUIRED	archive/native_2026-07-01/foundations/universe_cell/cascade_bv11_lib.py	twin involution is derived on the native round-static Branch-P action
cascade_bv11_v1_root.py	48b50d402960f92aaa345daee26ae7dd14dca0c0	2026-07-03T11:27:21-04:00	48b50d402960f92aaa345daee26ae7dd14dca0c0	2026-07-03T11:27:21-04:00	C07_TWIN_LADDER	NATIVE_2026-07-01	twin_ladder_involution_results.md;ladder_theta0_accumulation_results.md;f766478		HISTORICAL	archive/INDEX_pre_simple_metric_WR_L_2026-07-09.md:SUPERSEDED_as_frontier;family_result_record	FOUNDATIONS	MACRO;PARTICLE_MASS	BLOCKED_PROVENANCE_CORRECTION_REQUIRED	archive/native_2026-07-01/foundations/universe_cell/cascade_bv11_v1_root.py	twin involution is derived on the native round-static Branch-P action
cascade_bv11_v1_scan.py	48b50d402960f92aaa345daee26ae7dd14dca0c0	2026-07-03T11:27:21-04:00	48b50d402960f92aaa345daee26ae7dd14dca0c0	2026-07-03T11:27:21-04:00	C07_TWIN_LADDER	NATIVE_2026-07-01	twin_ladder_involution_results.md;ladder_theta0_accumulation_results.md;f766478		HISTORICAL	archive/INDEX_pre_simple_metric_WR_L_2026-07-09.md:SUPERSEDED_as_frontier;family_result_record	FOUNDATIONS	MACRO;PARTICLE_MASS	BLOCKED_PROVENANCE_CORRECTION_REQUIRED	archive/native_2026-07-01/foundations/universe_cell/cascade_bv11_v1_scan.py	twin involution is derived on the native round-static Branch-P action
cascade_bv11_v1_tolcheck.py	48b50d402960f92aaa345daee26ae7dd14dca0c0	2026-07-03T11:27:21-04:00	48b50d402960f92aaa345daee26ae7dd14dca0c0	2026-07-03T11:27:21-04:00	C07_TWIN_LADDER	NATIVE_2026-07-01	twin_ladder_involution_results.md;ladder_theta0_accumulation_results.md;f766478		HISTORICAL	archive/INDEX_pre_simple_metric_WR_L_2026-07-09.md:SUPERSEDED_as_frontier;family_result_record	FOUNDATIONS	MACRO;PARTICLE_MASS	BLOCKED_PROVENANCE_CORRECTION_REQUIRED	archive/native_2026-07-01/foundations/universe_cell/cascade_bv11_v1_tolcheck.py	twin involution is derived on the native round-static Branch-P action
cascade_bv11_v2_desert.py	48b50d402960f92aaa345daee26ae7dd14dca0c0	2026-07-03T11:27:21-04:00	48b50d402960f92aaa345daee26ae7dd14dca0c0	2026-07-03T11:27:21-04:00	C07_TWIN_LADDER	NATIVE_2026-07-01	twin_ladder_involution_results.md;ladder_theta0_accumulation_results.md;f766478		HISTORICAL	archive/INDEX_pre_simple_metric_WR_L_2026-07-09.md:SUPERSEDED_as_frontier;family_result_record	FOUNDATIONS	MACRO;PARTICLE_MASS	BLOCKED_PROVENANCE_CORRECTION_REQUIRED	archive/native_2026-07-01/foundations/universe_cell/cascade_bv11_v2_desert.py	twin involution is derived on the native round-static Branch-P action
cascade_bv11_v3_cap.py	48b50d402960f92aaa345daee26ae7dd14dca0c0	2026-07-03T11:27:21-04:00	48b50d402960f92aaa345daee26ae7dd14dca0c0	2026-07-03T11:27:21-04:00	C07_TWIN_LADDER	NATIVE_2026-07-01	twin_ladder_involution_results.md;ladder_theta0_accumulation_results.md;f766478		HISTORICAL	archive/INDEX_pre_simple_metric_WR_L_2026-07-09.md:SUPERSEDED_as_frontier;family_result_record	FOUNDATIONS	MACRO;PARTICLE_MASS	BLOCKED_PROVENANCE_CORRECTION_REQUIRED	archive/native_2026-07-01/foundations/universe_cell/cascade_bv11_v3_cap.py	twin involution is derived on the native round-static Branch-P action
cascade_bv11_v4_cas.py	48b50d402960f92aaa345daee26ae7dd14dca0c0	2026-07-03T11:27:21-04:00	48b50d402960f92aaa345daee26ae7dd14dca0c0	2026-07-03T11:27:21-04:00	C07_TWIN_LADDER	NATIVE_2026-07-01	twin_ladder_involution_results.md;ladder_theta0_accumulation_results.md;f766478		HISTORICAL	archive/INDEX_pre_simple_metric_WR_L_2026-07-09.md:SUPERSEDED_as_frontier;family_result_record	FOUNDATIONS	MACRO;PARTICLE_MASS	BLOCKED_PROVENANCE_CORRECTION_REQUIRED	archive/native_2026-07-01/foundations/universe_cell/cascade_bv11_v4_cas.py	twin involution is derived on the native round-static Branch-P action
cascade_bv11_v5_product.py	48b50d402960f92aaa345daee26ae7dd14dca0c0	2026-07-03T11:27:21-04:00	48b50d402960f92aaa345daee26ae7dd14dca0c0	2026-07-03T11:27:21-04:00	C07_TWIN_LADDER	NATIVE_2026-07-01	twin_ladder_involution_results.md;ladder_theta0_accumulation_results.md;f766478		HISTORICAL	archive/INDEX_pre_simple_metric_WR_L_2026-07-09.md:SUPERSEDED_as_frontier;family_result_record	FOUNDATIONS	MACRO;PARTICLE_MASS	BLOCKED_PROVENANCE_CORRECTION_REQUIRED	archive/native_2026-07-01/foundations/universe_cell/cascade_bv11_v5_product.py	twin involution is derived on the native round-static Branch-P action
cascade_bv13_backgrounds.py	4ee798243b0911bdd8360710aa84ca75aefae039	2026-07-03T13:59:49-04:00	4ee798243b0911bdd8360710aa84ca75aefae039	2026-07-03T13:59:49-04:00	C08_STABILITY_STAGE1	NATIVE_2026-07-01	stability_operator_results.md;twin_ladder_involution_results.md;f766478		HISTORICAL	archive/INDEX_pre_simple_metric_WR_L_2026-07-09.md:SUPERSEDED_as_frontier;family_result_record	FOUNDATIONS	MACRO;PARTICLE_MASS	BLOCKED_PROVENANCE_CORRECTION_REQUIRED	archive/native_2026-07-01/foundations/universe_cell/cascade_bv13_backgrounds.py	second variation and Jacobi operator are derived from the native reduced action
cascade_bv13_matrices.py	4ee798243b0911bdd8360710aa84ca75aefae039	2026-07-03T13:59:49-04:00	4ee798243b0911bdd8360710aa84ca75aefae039	2026-07-03T13:59:49-04:00	C08_STABILITY_STAGE1	NATIVE_2026-07-01	stability_operator_results.md;twin_ladder_involution_results.md;f766478		HISTORICAL	archive/INDEX_pre_simple_metric_WR_L_2026-07-09.md:SUPERSEDED_as_frontier;family_result_record	FOUNDATIONS	MACRO;PARTICLE_MASS	BLOCKED_PROVENANCE_CORRECTION_REQUIRED	archive/native_2026-07-01/foundations/universe_cell/cascade_bv13_matrices.py	second variation and Jacobi operator are derived from the native reduced action
cascade_bv13_matrices2.py	4ee798243b0911bdd8360710aa84ca75aefae039	2026-07-03T13:59:49-04:00	4ee798243b0911bdd8360710aa84ca75aefae039	2026-07-03T13:59:49-04:00	C08_STABILITY_STAGE1	NATIVE_2026-07-01	stability_operator_results.md;twin_ladder_involution_results.md;f766478		HISTORICAL	archive/INDEX_pre_simple_metric_WR_L_2026-07-09.md:SUPERSEDED_as_frontier;family_result_record	FOUNDATIONS	MACRO;PARTICLE_MASS	BLOCKED_PROVENANCE_CORRECTION_REQUIRED	archive/native_2026-07-01/foundations/universe_cell/cascade_bv13_matrices2.py	second variation and Jacobi operator are derived from the native reduced action
cascade_bv13_su_trans.py	4ee798243b0911bdd8360710aa84ca75aefae039	2026-07-03T13:59:49-04:00	4ee798243b0911bdd8360710aa84ca75aefae039	2026-07-03T13:59:49-04:00	C08_STABILITY_STAGE1	NATIVE_2026-07-01	stability_operator_results.md;twin_ladder_involution_results.md;f766478		HISTORICAL	archive/INDEX_pre_simple_metric_WR_L_2026-07-09.md:SUPERSEDED_as_frontier;family_result_record	FOUNDATIONS	MACRO;PARTICLE_MASS	BLOCKED_PROVENANCE_CORRECTION_REQUIRED	archive/native_2026-07-01/foundations/universe_cell/cascade_bv13_su_trans.py	second variation and Jacobi operator are derived from the native reduced action
cascade_bv13_vhat_probe.py	4ee798243b0911bdd8360710aa84ca75aefae039	2026-07-03T13:59:49-04:00	4ee798243b0911bdd8360710aa84ca75aefae039	2026-07-03T13:59:49-04:00	C08_STABILITY_STAGE1	NATIVE_2026-07-01	stability_operator_results.md;twin_ladder_involution_results.md;f766478		HISTORICAL	archive/INDEX_pre_simple_metric_WR_L_2026-07-09.md:SUPERSEDED_as_frontier;family_result_record	FOUNDATIONS	MACRO;PARTICLE_MASS	BLOCKED_PROVENANCE_CORRECTION_REQUIRED	archive/native_2026-07-01/foundations/universe_cell/cascade_bv13_vhat_probe.py	second variation and Jacobi operator are derived from the native reduced action
cascade_bv13_w1_classes.py	4ee798243b0911bdd8360710aa84ca75aefae039	2026-07-03T13:59:49-04:00	4ee798243b0911bdd8360710aa84ca75aefae039	2026-07-03T13:59:49-04:00	C08_STABILITY_STAGE1	NATIVE_2026-07-01	stability_operator_results.md;twin_ladder_involution_results.md;f766478		HISTORICAL	archive/INDEX_pre_simple_metric_WR_L_2026-07-09.md:SUPERSEDED_as_frontier;family_result_record	FOUNDATIONS	MACRO;PARTICLE_MASS	BLOCKED_PROVENANCE_CORRECTION_REQUIRED	archive/native_2026-07-01/foundations/universe_cell/cascade_bv13_w1_classes.py	second variation and Jacobi operator are derived from the native reduced action
cascade_bv13_w1_machinery.py	4ee798243b0911bdd8360710aa84ca75aefae039	2026-07-03T13:59:49-04:00	4ee798243b0911bdd8360710aa84ca75aefae039	2026-07-03T13:59:49-04:00	C08_STABILITY_STAGE1	NATIVE_2026-07-01	stability_operator_results.md;twin_ladder_involution_results.md;f766478		HISTORICAL	archive/INDEX_pre_simple_metric_WR_L_2026-07-09.md:SUPERSEDED_as_frontier;family_result_record	FOUNDATIONS	MACRO;PARTICLE_MASS	BLOCKED_PROVENANCE_CORRECTION_REQUIRED	archive/native_2026-07-01/foundations/universe_cell/cascade_bv13_w1_machinery.py	second variation and Jacobi operator are derived from the native reduced action
cascade_bv13_w2_w3cas.py	4ee798243b0911bdd8360710aa84ca75aefae039	2026-07-03T13:59:49-04:00	4ee798243b0911bdd8360710aa84ca75aefae039	2026-07-03T13:59:49-04:00	C08_STABILITY_STAGE1	NATIVE_2026-07-01	stability_operator_results.md;twin_ladder_involution_results.md;f766478		HISTORICAL	archive/INDEX_pre_simple_metric_WR_L_2026-07-09.md:SUPERSEDED_as_frontier;family_result_record	FOUNDATIONS	MACRO;PARTICLE_MASS	BLOCKED_PROVENANCE_CORRECTION_REQUIRED	archive/native_2026-07-01/foundations/universe_cell/cascade_bv13_w2_w3cas.py	second variation and Jacobi operator are derived from the native reduced action
cascade_bv13_w5_homothety.py	4ee798243b0911bdd8360710aa84ca75aefae039	2026-07-03T13:59:49-04:00	4ee798243b0911bdd8360710aa84ca75aefae039	2026-07-03T13:59:49-04:00	C08_STABILITY_STAGE1	NATIVE_2026-07-01	stability_operator_results.md;twin_ladder_involution_results.md;f766478		HISTORICAL	archive/INDEX_pre_simple_metric_WR_L_2026-07-09.md:SUPERSEDED_as_frontier;family_result_record	FOUNDATIONS	MACRO;PARTICLE_MASS	BLOCKED_PROVENANCE_CORRECTION_REQUIRED	archive/native_2026-07-01/foundations/universe_cell/cascade_bv13_w5_homothety.py	second variation and Jacobi operator are derived from the native reduced action
cascade_bv14_counts.py	883a484b7385e8bd21d305f237236c6a66e0c340	2026-07-03T15:31:09-04:00	883a484b7385e8bd21d305f237236c6a66e0c340	2026-07-03T15:31:09-04:00	C09_STABILITY_STAGE2	NATIVE_2026-07-01	stability_stage2_results.md;stability_operator_results.md;f766478		HISTORICAL	archive/INDEX_pre_simple_metric_WR_L_2026-07-09.md:SUPERSEDED_as_frontier;family_result_record	FOUNDATIONS	MACRO;PARTICLE_MASS	BLOCKED_PROVENANCE_CORRECTION_REQUIRED	archive/native_2026-07-01/foundations/universe_cell/cascade_bv14_counts.py	stage-2 inertia census consumes the native stability operator
cascade_bv14_lib.py	883a484b7385e8bd21d305f237236c6a66e0c340	2026-07-03T15:31:09-04:00	883a484b7385e8bd21d305f237236c6a66e0c340	2026-07-03T15:31:09-04:00	C09_STABILITY_STAGE2	NATIVE_2026-07-01	stability_stage2_results.md;stability_operator_results.md;f766478		HISTORICAL	archive/INDEX_pre_simple_metric_WR_L_2026-07-09.md:SUPERSEDED_as_frontier;family_result_record	FOUNDATIONS	MACRO;PARTICLE_MASS	BLOCKED_PROVENANCE_CORRECTION_REQUIRED	archive/native_2026-07-01/foundations/universe_cell/cascade_bv14_lib.py	stage-2 inertia census consumes the native stability operator
cascade_bv14_shoot.py	883a484b7385e8bd21d305f237236c6a66e0c340	2026-07-03T15:31:09-04:00	883a484b7385e8bd21d305f237236c6a66e0c340	2026-07-03T15:31:09-04:00	C09_STABILITY_STAGE2	NATIVE_2026-07-01	stability_stage2_results.md;stability_operator_results.md;f766478		HISTORICAL	archive/INDEX_pre_simple_metric_WR_L_2026-07-09.md:SUPERSEDED_as_frontier;family_result_record	FOUNDATIONS	MACRO;PARTICLE_MASS	BLOCKED_PROVENANCE_CORRECTION_REQUIRED	archive/native_2026-07-01/foundations/universe_cell/cascade_bv14_shoot.py	stage-2 inertia census consumes the native stability operator
cascade_bv14_spare_a_sens.py	883a484b7385e8bd21d305f237236c6a66e0c340	2026-07-03T15:31:09-04:00	883a484b7385e8bd21d305f237236c6a66e0c340	2026-07-03T15:31:09-04:00	C09_STABILITY_STAGE2	NATIVE_2026-07-01	stability_stage2_results.md;stability_operator_results.md;f766478		HISTORICAL	archive/INDEX_pre_simple_metric_WR_L_2026-07-09.md:SUPERSEDED_as_frontier;family_result_record	FOUNDATIONS	MACRO;PARTICLE_MASS	BLOCKED_PROVENANCE_CORRECTION_REQUIRED	archive/native_2026-07-01/foundations/universe_cell/cascade_bv14_spare_a_sens.py	stage-2 inertia census consumes the native stability operator
cascade_bv14_su.py	883a484b7385e8bd21d305f237236c6a66e0c340	2026-07-03T15:31:09-04:00	883a484b7385e8bd21d305f237236c6a66e0c340	2026-07-03T15:31:09-04:00	C09_STABILITY_STAGE2	NATIVE_2026-07-01	stability_stage2_results.md;stability_operator_results.md;f766478		HISTORICAL	archive/INDEX_pre_simple_metric_WR_L_2026-07-09.md:SUPERSEDED_as_frontier;family_result_record	FOUNDATIONS	MACRO;PARTICLE_MASS	BLOCKED_PROVENANCE_CORRECTION_REQUIRED	archive/native_2026-07-01/foundations/universe_cell/cascade_bv14_su.py	stage-2 inertia census consumes the native stability operator
cascade_bv14_summary.py	883a484b7385e8bd21d305f237236c6a66e0c340	2026-07-03T15:31:09-04:00	883a484b7385e8bd21d305f237236c6a66e0c340	2026-07-03T15:31:09-04:00	C09_STABILITY_STAGE2	NATIVE_2026-07-01	stability_stage2_results.md;stability_operator_results.md;f766478		HISTORICAL	archive/INDEX_pre_simple_metric_WR_L_2026-07-09.md:SUPERSEDED_as_frontier;family_result_record	FOUNDATIONS	MACRO;PARTICLE_MASS	BLOCKED_PROVENANCE_CORRECTION_REQUIRED	archive/native_2026-07-01/foundations/universe_cell/cascade_bv14_summary.py	stage-2 inertia census consumes the native stability operator
cascade_bv14_tolsweep.py	883a484b7385e8bd21d305f237236c6a66e0c340	2026-07-03T15:31:09-04:00	883a484b7385e8bd21d305f237236c6a66e0c340	2026-07-03T15:31:09-04:00	C09_STABILITY_STAGE2	NATIVE_2026-07-01	stability_stage2_results.md;stability_operator_results.md;f766478		HISTORICAL	archive/INDEX_pre_simple_metric_WR_L_2026-07-09.md:SUPERSEDED_as_frontier;family_result_record	FOUNDATIONS	MACRO;PARTICLE_MASS	BLOCKED_PROVENANCE_CORRECTION_REQUIRED	archive/native_2026-07-01/foundations/universe_cell/cascade_bv14_tolsweep.py	stage-2 inertia census consumes the native stability operator
cascade_bv14_validate.py	883a484b7385e8bd21d305f237236c6a66e0c340	2026-07-03T15:31:09-04:00	883a484b7385e8bd21d305f237236c6a66e0c340	2026-07-03T15:31:09-04:00	C09_STABILITY_STAGE2	NATIVE_2026-07-01	stability_stage2_results.md;stability_operator_results.md;f766478		HISTORICAL	archive/INDEX_pre_simple_metric_WR_L_2026-07-09.md:SUPERSEDED_as_frontier;family_result_record	FOUNDATIONS	MACRO;PARTICLE_MASS	BLOCKED_PROVENANCE_CORRECTION_REQUIRED	archive/native_2026-07-01/foundations/universe_cell/cascade_bv14_validate.py	stage-2 inertia census consumes the native stability operator
cascade_bv15_asm.py	1c7ff8f0455bbf8502bb5572d06e6ba44c58f4d3	2026-07-03T17:21:36-04:00	1c7ff8f0455bbf8502bb5572d06e6ba44c58f4d3	2026-07-03T17:21:36-04:00	C11_SOFTMODE_VERIFIED	NATIVE_2026-07-01	ladder_softmode_results.md;stability_stage2_results.md;f766478		HISTORICAL	archive/INDEX_pre_simple_metric_WR_L_2026-07-09.md:SUPERSEDED_as_frontier;family_result_record	FOUNDATIONS	MACRO;PARTICLE_MASS	BLOCKED_PROVENANCE_CORRECTION_REQUIRED	archive/native_2026-07-01/foundations/universe_cell/cascade_bv15_asm.py	verified soft-mode family remains scoped to the native round-static action
cascade_bv15_bg.py	1c7ff8f0455bbf8502bb5572d06e6ba44c58f4d3	2026-07-03T17:21:36-04:00	1c7ff8f0455bbf8502bb5572d06e6ba44c58f4d3	2026-07-03T17:21:36-04:00	C11_SOFTMODE_VERIFIED	NATIVE_2026-07-01	ladder_softmode_results.md;stability_stage2_results.md;f766478		HISTORICAL	archive/INDEX_pre_simple_metric_WR_L_2026-07-09.md:SUPERSEDED_as_frontier;family_result_record	FOUNDATIONS	MACRO;PARTICLE_MASS	BLOCKED_PROVENANCE_CORRECTION_REQUIRED	archive/native_2026-07-01/foundations/universe_cell/cascade_bv15_bg.py	verified soft-mode family remains scoped to the native round-static action
cascade_bv15_x1_ladder.py	1c7ff8f0455bbf8502bb5572d06e6ba44c58f4d3	2026-07-03T17:21:36-04:00	1c7ff8f0455bbf8502bb5572d06e6ba44c58f4d3	2026-07-03T17:21:36-04:00	C11_SOFTMODE_VERIFIED	NATIVE_2026-07-01	ladder_softmode_results.md;stability_stage2_results.md;f766478		HISTORICAL	archive/INDEX_pre_simple_metric_WR_L_2026-07-09.md:SUPERSEDED_as_frontier;family_result_record	FOUNDATIONS	MACRO;PARTICLE_MASS	BLOCKED_PROVENANCE_CORRECTION_REQUIRED	archive/native_2026-07-01/foundations/universe_cell/cascade_bv15_x1_ladder.py	verified soft-mode family remains scoped to the native round-static action
cascade_bv15_x1_validate.py	1c7ff8f0455bbf8502bb5572d06e6ba44c58f4d3	2026-07-03T17:21:36-04:00	1c7ff8f0455bbf8502bb5572d06e6ba44c58f4d3	2026-07-03T17:21:36-04:00	C11_SOFTMODE_VERIFIED	NATIVE_2026-07-01	ladder_softmode_results.md;stability_stage2_results.md;f766478		HISTORICAL	archive/INDEX_pre_simple_metric_WR_L_2026-07-09.md:SUPERSEDED_as_frontier;family_result_record	FOUNDATIONS	MACRO;PARTICLE_MASS	BLOCKED_PROVENANCE_CORRECTION_REQUIRED	archive/native_2026-07-01/foundations/universe_cell/cascade_bv15_x1_validate.py	verified soft-mode family remains scoped to the native round-static action
cascade_bv15_x2_anatomy.py	1c7ff8f0455bbf8502bb5572d06e6ba44c58f4d3	2026-07-03T17:21:36-04:00	1c7ff8f0455bbf8502bb5572d06e6ba44c58f4d3	2026-07-03T17:21:36-04:00	C11_SOFTMODE_VERIFIED	NATIVE_2026-07-01	ladder_softmode_results.md;stability_stage2_results.md;f766478		HISTORICAL	archive/INDEX_pre_simple_metric_WR_L_2026-07-09.md:SUPERSEDED_as_frontier;family_result_record	FOUNDATIONS	MACRO;PARTICLE_MASS	BLOCKED_PROVENANCE_CORRECTION_REQUIRED	archive/native_2026-07-01/foundations/universe_cell/cascade_bv15_x2_anatomy.py	verified soft-mode family remains scoped to the native round-static action
cascade_bv15_x3_c2.py	1c7ff8f0455bbf8502bb5572d06e6ba44c58f4d3	2026-07-03T17:21:36-04:00	1c7ff8f0455bbf8502bb5572d06e6ba44c58f4d3	2026-07-03T17:21:36-04:00	C11_SOFTMODE_VERIFIED	NATIVE_2026-07-01	ladder_softmode_results.md;stability_stage2_results.md;f766478		HISTORICAL	archive/INDEX_pre_simple_metric_WR_L_2026-07-09.md:SUPERSEDED_as_frontier;family_result_record	FOUNDATIONS	MACRO;PARTICLE_MASS	BLOCKED_PROVENANCE_CORRECTION_REQUIRED	archive/native_2026-07-01/foundations/universe_cell/cascade_bv15_x3_c2.py	verified soft-mode family remains scoped to the native round-static action
cascade_bv15_x3_ray.py	1c7ff8f0455bbf8502bb5572d06e6ba44c58f4d3	2026-07-03T17:21:36-04:00	1c7ff8f0455bbf8502bb5572d06e6ba44c58f4d3	2026-07-03T17:21:36-04:00	C11_SOFTMODE_VERIFIED	NATIVE_2026-07-01	ladder_softmode_results.md;stability_stage2_results.md;f766478		HISTORICAL	archive/INDEX_pre_simple_metric_WR_L_2026-07-09.md:SUPERSEDED_as_frontier;family_result_record	FOUNDATIONS	MACRO;PARTICLE_MASS	BLOCKED_PROVENANCE_CORRECTION_REQUIRED	archive/native_2026-07-01/foundations/universe_cell/cascade_bv15_x3_ray.py	verified soft-mode family remains scoped to the native round-static action
cascade_bv16_cas.py	5a82fbbd657402126c8f74af6b70bab92d02e274	2026-07-03T17:48:03-04:00	5a82fbbd657402126c8f74af6b70bab92d02e274	2026-07-03T17:48:03-04:00	C12_ENERGY_ORIENTATION	MIXED	ladder_energy_orientation_results.md;CANON.md:C-2026-07-03-1;f766478;GR_REFERENCE:Einstein_tensor+Misner-Sharp		HISTORICAL	archive/INDEX_pre_simple_metric_WR_L_2026-07-09.md:SUPERSEDED_as_frontier;family_result_record	FOUNDATIONS	MACRO;PARTICLE_MASS	BLOCKED_PROVENANCE_CORRECTION_REQUIRED	archive/post_2026-07-01/foundations/mixed_native_gr_readout/cascade_bv16_cas.py	native action/EOM identities are combined with explicitly reference-only Einstein/MS readouts
cascade_bv16_rungs.py	5a82fbbd657402126c8f74af6b70bab92d02e274	2026-07-03T17:48:03-04:00	5a82fbbd657402126c8f74af6b70bab92d02e274	2026-07-03T17:48:03-04:00	C12_ENERGY_ORIENTATION	MIXED	ladder_energy_orientation_results.md;CANON.md:C-2026-07-03-1;f766478;GR_REFERENCE:Einstein_tensor+Misner-Sharp		HISTORICAL	archive/INDEX_pre_simple_metric_WR_L_2026-07-09.md:SUPERSEDED_as_frontier;family_result_record	FOUNDATIONS	MACRO;PARTICLE_MASS	BLOCKED_PROVENANCE_CORRECTION_REQUIRED	archive/post_2026-07-01/foundations/mixed_native_gr_readout/cascade_bv16_rungs.py	native action/EOM identities are combined with explicitly reference-only Einstein/MS readouts
cascade_bv5_c1_scan.py	5177aea9252af40278bcdea65569039de5309893	2026-07-02T16:46:32-04:00	5177aea9252af40278bcdea65569039de5309893	2026-07-02T16:46:32-04:00	C01_STAGE_A	NATIVE_2026-07-01	cascade_stageA_results.md;universe_cell_T3_closure_results.md;f766478		HISTORICAL	archive/INDEX_pre_simple_metric_WR_L_2026-07-09.md:SUPERSEDED_as_frontier;family_result_record	FOUNDATIONS	MACRO;PARTICLE_MASS	BLOCKED_PROVENANCE_CORRECTION_REQUIRED	archive/native_2026-07-01/foundations/universe_cell/cascade_bv5_c1_scan.py	Stage-A persistence tests use the native round-static Branch-P universe-cell equations
cascade_bv5_c1c2c3_roots.py	5177aea9252af40278bcdea65569039de5309893	2026-07-02T16:46:32-04:00	5177aea9252af40278bcdea65569039de5309893	2026-07-02T16:46:32-04:00	C01_STAGE_A	NATIVE_2026-07-01	cascade_stageA_results.md;universe_cell_T3_closure_results.md;f766478		HISTORICAL	archive/INDEX_pre_simple_metric_WR_L_2026-07-09.md:SUPERSEDED_as_frontier;family_result_record	FOUNDATIONS	MACRO;PARTICLE_MASS	BLOCKED_PROVENANCE_CORRECTION_REQUIRED	archive/native_2026-07-01/foundations/universe_cell/cascade_bv5_c1c2c3_roots.py	Stage-A persistence tests use the native round-static Branch-P universe-cell equations
cascade_bv5_c4_bigN.py	5177aea9252af40278bcdea65569039de5309893	2026-07-02T16:46:32-04:00	5177aea9252af40278bcdea65569039de5309893	2026-07-02T16:46:32-04:00	C01_STAGE_A	NATIVE_2026-07-01	cascade_stageA_results.md;universe_cell_T3_closure_results.md;f766478		HISTORICAL	archive/INDEX_pre_simple_metric_WR_L_2026-07-09.md:SUPERSEDED_as_frontier;family_result_record	FOUNDATIONS	MACRO;PARTICLE_MASS	BLOCKED_PROVENANCE_CORRECTION_REQUIRED	archive/native_2026-07-01/foundations/universe_cell/cascade_bv5_c4_bigN.py	Stage-A persistence tests use the native round-static Branch-P universe-cell equations
cascade_bv5_c4_floor_audit.py	5177aea9252af40278bcdea65569039de5309893	2026-07-02T16:46:32-04:00	5177aea9252af40278bcdea65569039de5309893	2026-07-02T16:46:32-04:00	C01_STAGE_A	NATIVE_2026-07-01	cascade_stageA_results.md;universe_cell_T3_closure_results.md;f766478		HISTORICAL	archive/INDEX_pre_simple_metric_WR_L_2026-07-09.md:SUPERSEDED_as_frontier;family_result_record	FOUNDATIONS	MACRO;PARTICLE_MASS	BLOCKED_PROVENANCE_CORRECTION_REQUIRED	archive/native_2026-07-01/foundations/universe_cell/cascade_bv5_c4_floor_audit.py	Stage-A persistence tests use the native round-static Branch-P universe-cell equations
cascade_bv5_c4_refine.py	5177aea9252af40278bcdea65569039de5309893	2026-07-02T16:46:32-04:00	5177aea9252af40278bcdea65569039de5309893	2026-07-02T16:46:32-04:00	C01_STAGE_A	NATIVE_2026-07-01	cascade_stageA_results.md;universe_cell_T3_closure_results.md;f766478		HISTORICAL	archive/INDEX_pre_simple_metric_WR_L_2026-07-09.md:SUPERSEDED_as_frontier;family_result_record	FOUNDATIONS	MACRO;PARTICLE_MASS	BLOCKED_PROVENANCE_CORRECTION_REQUIRED	archive/native_2026-07-01/foundations/universe_cell/cascade_bv5_c4_refine.py	Stage-A persistence tests use the native round-static Branch-P universe-cell equations
cascade_bv5_c5_stuck.py	5177aea9252af40278bcdea65569039de5309893	2026-07-02T16:46:32-04:00	5177aea9252af40278bcdea65569039de5309893	2026-07-02T16:46:32-04:00	C01_STAGE_A	NATIVE_2026-07-01	cascade_stageA_results.md;universe_cell_T3_closure_results.md;f766478		HISTORICAL	archive/INDEX_pre_simple_metric_WR_L_2026-07-09.md:SUPERSEDED_as_frontier;family_result_record	FOUNDATIONS	MACRO;PARTICLE_MASS	BLOCKED_PROVENANCE_CORRECTION_REQUIRED	archive/native_2026-07-01/foundations/universe_cell/cascade_bv5_c5_stuck.py	Stage-A persistence tests use the native round-static Branch-P universe-cell equations
cascade_bv5_common.py	5177aea9252af40278bcdea65569039de5309893	2026-07-02T16:46:32-04:00	5177aea9252af40278bcdea65569039de5309893	2026-07-02T16:46:32-04:00	C01_STAGE_A	NATIVE_2026-07-01	cascade_stageA_results.md;universe_cell_T3_closure_results.md;f766478		HISTORICAL	archive/INDEX_pre_simple_metric_WR_L_2026-07-09.md:SUPERSEDED_as_frontier;family_result_record	FOUNDATIONS	MACRO;PARTICLE_MASS	BLOCKED_PROVENANCE_CORRECTION_REQUIRED	archive/native_2026-07-01/foundations/universe_cell/cascade_bv5_common.py	Stage-A persistence tests use the native round-static Branch-P universe-cell equations
cascade_bv6_c1_refine.py	20579ee944802b337195b43d55d1872a3e5a2e4e	2026-07-02T17:26:40-04:00	20579ee944802b337195b43d55d1872a3e5a2e4e	2026-07-02T17:26:40-04:00	C02_STAGE_B	NATIVE_2026-07-01	cascade_stageB_results.md;cascade_stageA_results.md;f766478		HISTORICAL	archive/INDEX_pre_simple_metric_WR_L_2026-07-09.md:SUPERSEDED_as_frontier;family_result_record	FOUNDATIONS	MACRO;PARTICLE_MASS	BLOCKED_PROVENANCE_CORRECTION_REQUIRED	archive/native_2026-07-01/foundations/universe_cell/cascade_bv6_c1_refine.py	Stage-B ladder continues the native Stage-A/T3 operator lineage
cascade_bv6_c1_sweep.py	20579ee944802b337195b43d55d1872a3e5a2e4e	2026-07-02T17:26:40-04:00	20579ee944802b337195b43d55d1872a3e5a2e4e	2026-07-02T17:26:40-04:00	C02_STAGE_B	NATIVE_2026-07-01	cascade_stageB_results.md;cascade_stageA_results.md;f766478		HISTORICAL	archive/INDEX_pre_simple_metric_WR_L_2026-07-09.md:SUPERSEDED_as_frontier;family_result_record	FOUNDATIONS	MACRO;PARTICLE_MASS	BLOCKED_PROVENANCE_CORRECTION_REQUIRED	archive/native_2026-07-01/foundations/universe_cell/cascade_bv6_c1_sweep.py	Stage-B ladder continues the native Stage-A/T3 operator lineage
cascade_bv6_c2.py	20579ee944802b337195b43d55d1872a3e5a2e4e	2026-07-02T17:26:40-04:00	20579ee944802b337195b43d55d1872a3e5a2e4e	2026-07-02T17:26:40-04:00	C02_STAGE_B	NATIVE_2026-07-01	cascade_stageB_results.md;cascade_stageA_results.md;f766478		HISTORICAL	archive/INDEX_pre_simple_metric_WR_L_2026-07-09.md:SUPERSEDED_as_frontier;family_result_record	FOUNDATIONS	MACRO;PARTICLE_MASS	BLOCKED_PROVENANCE_CORRECTION_REQUIRED	archive/native_2026-07-01/foundations/universe_cell/cascade_bv6_c2.py	Stage-B ladder continues the native Stage-A/T3 operator lineage
cascade_bv6_c4.py	20579ee944802b337195b43d55d1872a3e5a2e4e	2026-07-02T17:26:40-04:00	20579ee944802b337195b43d55d1872a3e5a2e4e	2026-07-02T17:26:40-04:00	C02_STAGE_B	NATIVE_2026-07-01	cascade_stageB_results.md;cascade_stageA_results.md;f766478		HISTORICAL	archive/INDEX_pre_simple_metric_WR_L_2026-07-09.md:SUPERSEDED_as_frontier;family_result_record	FOUNDATIONS	MACRO;PARTICLE_MASS	BLOCKED_PROVENANCE_CORRECTION_REQUIRED	archive/native_2026-07-01/foundations/universe_cell/cascade_bv6_c4.py	Stage-B ladder continues the native Stage-A/T3 operator lineage
cascade_bv6_lib.py	20579ee944802b337195b43d55d1872a3e5a2e4e	2026-07-02T17:26:40-04:00	20579ee944802b337195b43d55d1872a3e5a2e4e	2026-07-02T17:26:40-04:00	C02_STAGE_B	NATIVE_2026-07-01	cascade_stageB_results.md;cascade_stageA_results.md;f766478		HISTORICAL	archive/INDEX_pre_simple_metric_WR_L_2026-07-09.md:SUPERSEDED_as_frontier;family_result_record	FOUNDATIONS	MACRO;PARTICLE_MASS	BLOCKED_PROVENANCE_CORRECTION_REQUIRED	archive/native_2026-07-01/foundations/universe_cell/cascade_bv6_lib.py	Stage-B ladder continues the native Stage-A/T3 operator lineage
cascade_bv6_probe.py	20579ee944802b337195b43d55d1872a3e5a2e4e	2026-07-02T17:26:40-04:00	20579ee944802b337195b43d55d1872a3e5a2e4e	2026-07-02T17:26:40-04:00	C02_STAGE_B	NATIVE_2026-07-01	cascade_stageB_results.md;cascade_stageA_results.md;f766478		HISTORICAL	archive/INDEX_pre_simple_metric_WR_L_2026-07-09.md:SUPERSEDED_as_frontier;family_result_record	FOUNDATIONS	MACRO;PARTICLE_MASS	BLOCKED_PROVENANCE_CORRECTION_REQUIRED	archive/native_2026-07-01/foundations/universe_cell/cascade_bv6_probe.py	Stage-B ladder continues the native Stage-A/T3 operator lineage
cascade_bv6_xcheck.py	20579ee944802b337195b43d55d1872a3e5a2e4e	2026-07-02T17:26:40-04:00	20579ee944802b337195b43d55d1872a3e5a2e4e	2026-07-02T17:26:40-04:00	C02_STAGE_B	NATIVE_2026-07-01	cascade_stageB_results.md;cascade_stageA_results.md;f766478		HISTORICAL	archive/INDEX_pre_simple_metric_WR_L_2026-07-09.md:SUPERSEDED_as_frontier;family_result_record	FOUNDATIONS	MACRO;PARTICLE_MASS	BLOCKED_PROVENANCE_CORRECTION_REQUIRED	archive/native_2026-07-01/foundations/universe_cell/cascade_bv6_xcheck.py	Stage-B ladder continues the native Stage-A/T3 operator lineage
cascade_bv7_core.py	24671fabfc1e2e21a1d08c1b24ae4639c9e83263	2026-07-02T17:57:46-04:00	24671fabfc1e2e21a1d08c1b24ae4639c9e83263	2026-07-02T17:57:46-04:00	C03_STAGE_C	NATIVE_2026-07-01	cascade_stageC_results.md;cascade_stageB_results.md;f766478		HISTORICAL	archive/INDEX_pre_simple_metric_WR_L_2026-07-09.md:SUPERSEDED_as_frontier;family_result_record	FOUNDATIONS	MACRO;PARTICLE_MASS	BLOCKED_PROVENANCE_CORRECTION_REQUIRED	archive/native_2026-07-01/foundations/universe_cell/cascade_bv7_core.py	Stage-C family universality continues the native universe-cell ladder
cascade_bv7_t1_refine.py	24671fabfc1e2e21a1d08c1b24ae4639c9e83263	2026-07-02T17:57:46-04:00	24671fabfc1e2e21a1d08c1b24ae4639c9e83263	2026-07-02T17:57:46-04:00	C03_STAGE_C	NATIVE_2026-07-01	cascade_stageC_results.md;cascade_stageB_results.md;f766478		HISTORICAL	archive/INDEX_pre_simple_metric_WR_L_2026-07-09.md:SUPERSEDED_as_frontier;family_result_record	FOUNDATIONS	MACRO;PARTICLE_MASS	BLOCKED_PROVENANCE_CORRECTION_REQUIRED	archive/native_2026-07-01/foundations/universe_cell/cascade_bv7_t1_refine.py	Stage-C family universality continues the native universe-cell ladder
cascade_bv7_t1_sweep.py	24671fabfc1e2e21a1d08c1b24ae4639c9e83263	2026-07-02T17:57:46-04:00	24671fabfc1e2e21a1d08c1b24ae4639c9e83263	2026-07-02T17:57:46-04:00	C03_STAGE_C	NATIVE_2026-07-01	cascade_stageC_results.md;cascade_stageB_results.md;f766478		HISTORICAL	archive/INDEX_pre_simple_metric_WR_L_2026-07-09.md:SUPERSEDED_as_frontier;family_result_record	FOUNDATIONS	MACRO;PARTICLE_MASS	BLOCKED_PROVENANCE_CORRECTION_REQUIRED	archive/native_2026-07-01/foundations/universe_cell/cascade_bv7_t1_sweep.py	Stage-C family universality continues the native universe-cell ladder
cascade_bv7_t2.py	24671fabfc1e2e21a1d08c1b24ae4639c9e83263	2026-07-02T17:57:46-04:00	24671fabfc1e2e21a1d08c1b24ae4639c9e83263	2026-07-02T17:57:46-04:00	C03_STAGE_C	NATIVE_2026-07-01	cascade_stageC_results.md;cascade_stageB_results.md;f766478		HISTORICAL	archive/INDEX_pre_simple_metric_WR_L_2026-07-09.md:SUPERSEDED_as_frontier;family_result_record	FOUNDATIONS	MACRO;PARTICLE_MASS	BLOCKED_PROVENANCE_CORRECTION_REQUIRED	archive/native_2026-07-01/foundations/universe_cell/cascade_bv7_t2.py	Stage-C family universality continues the native universe-cell ladder
cascade_bv7_t3.py	24671fabfc1e2e21a1d08c1b24ae4639c9e83263	2026-07-02T17:57:46-04:00	24671fabfc1e2e21a1d08c1b24ae4639c9e83263	2026-07-02T17:57:46-04:00	C03_STAGE_C	NATIVE_2026-07-01	cascade_stageC_results.md;cascade_stageB_results.md;f766478		HISTORICAL	archive/INDEX_pre_simple_metric_WR_L_2026-07-09.md:SUPERSEDED_as_frontier;family_result_record	FOUNDATIONS	MACRO;PARTICLE_MASS	BLOCKED_PROVENANCE_CORRECTION_REQUIRED	archive/native_2026-07-01/foundations/universe_cell/cascade_bv7_t3.py	Stage-C family universality continues the native universe-cell ladder
cascade_bv7_validate.py	24671fabfc1e2e21a1d08c1b24ae4639c9e83263	2026-07-02T17:57:46-04:00	24671fabfc1e2e21a1d08c1b24ae4639c9e83263	2026-07-02T17:57:46-04:00	C03_STAGE_C	NATIVE_2026-07-01	cascade_stageC_results.md;cascade_stageB_results.md;f766478		HISTORICAL	archive/INDEX_pre_simple_metric_WR_L_2026-07-09.md:SUPERSEDED_as_frontier;family_result_record	FOUNDATIONS	MACRO;PARTICLE_MASS	BLOCKED_PROVENANCE_CORRECTION_REQUIRED	archive/native_2026-07-01/foundations/universe_cell/cascade_bv7_validate.py	Stage-C family universality continues the native universe-cell ladder
cascade_bv8_cas_ABC.py	95f2d73efadfef2569189ac2e1c25547817866fb	2026-07-02T18:34:19-04:00	95f2d73efadfef2569189ac2e1c25547817866fb	2026-07-02T18:34:19-04:00	C04_LADDER_THEOREMS	NATIVE_2026-07-01	ladder_theorems_AB_C_results.md;cascade_stageC_results.md;f766478		HISTORICAL	archive/INDEX_pre_simple_metric_WR_L_2026-07-09.md:SUPERSEDED_as_frontier;family_result_record	FOUNDATIONS	MACRO;PARTICLE_MASS	BLOCKED_PROVENANCE_CORRECTION_REQUIRED	archive/native_2026-07-01/foundations/universe_cell/cascade_bv8_cas_ABC.py	theorems are derived from the native ladder closure and EOM identities
cascade_bv8_falsifiers.py	95f2d73efadfef2569189ac2e1c25547817866fb	2026-07-02T18:34:19-04:00	95f2d73efadfef2569189ac2e1c25547817866fb	2026-07-02T18:34:19-04:00	C04_LADDER_THEOREMS	NATIVE_2026-07-01	ladder_theorems_AB_C_results.md;cascade_stageC_results.md;f766478		HISTORICAL	archive/INDEX_pre_simple_metric_WR_L_2026-07-09.md:SUPERSEDED_as_frontier;family_result_record	FOUNDATIONS	MACRO;PARTICLE_MASS	BLOCKED_PROVENANCE_CORRECTION_REQUIRED	archive/native_2026-07-01/foundations/universe_cell/cascade_bv8_falsifiers.py	theorems are derived from the native ladder closure and EOM identities
cascade_bv9_cas.py	2836cc8694db1967ba0d03ee43184ab87238ae05	2026-07-02T19:16:27-04:00	2836cc8694db1967ba0d03ee43184ab87238ae05	2026-07-02T19:16:27-04:00	C05_LEMMA_D	NATIVE_2026-07-01	ladder_lemmaD_sealing_amplitude_results.md;cascade_stageC_results.md;f766478		HISTORICAL	archive/INDEX_pre_simple_metric_WR_L_2026-07-09.md:SUPERSEDED_as_frontier;family_result_record	FOUNDATIONS	MACRO;PARTICLE_MASS	BLOCKED_PROVENANCE_CORRECTION_REQUIRED	archive/native_2026-07-01/foundations/universe_cell/cascade_bv9_cas.py	Lemma-D derives the seal amplitude from the native Branch-P ladder
cascade_bv9_fluxlaw_char.py	2836cc8694db1967ba0d03ee43184ab87238ae05	2026-07-02T19:16:27-04:00	2836cc8694db1967ba0d03ee43184ab87238ae05	2026-07-02T19:16:27-04:00	C05_LEMMA_D	NATIVE_2026-07-01	ladder_lemmaD_sealing_amplitude_results.md;cascade_stageC_results.md;f766478		HISTORICAL	archive/INDEX_pre_simple_metric_WR_L_2026-07-09.md:SUPERSEDED_as_frontier;family_result_record	FOUNDATIONS	MACRO;PARTICLE_MASS	BLOCKED_PROVENANCE_CORRECTION_REQUIRED	archive/native_2026-07-01/foundations/universe_cell/cascade_bv9_fluxlaw_char.py	Lemma-D derives the seal amplitude from the native Branch-P ladder
cascade_bv9_reshoot.py	2836cc8694db1967ba0d03ee43184ab87238ae05	2026-07-02T19:16:27-04:00	2836cc8694db1967ba0d03ee43184ab87238ae05	2026-07-02T19:16:27-04:00	C05_LEMMA_D	NATIVE_2026-07-01	ladder_lemmaD_sealing_amplitude_results.md;cascade_stageC_results.md;f766478		HISTORICAL	archive/INDEX_pre_simple_metric_WR_L_2026-07-09.md:SUPERSEDED_as_frontier;family_result_record	FOUNDATIONS	MACRO;PARTICLE_MASS	BLOCKED_PROVENANCE_CORRECTION_REQUIRED	archive/native_2026-07-01/foundations/universe_cell/cascade_bv9_reshoot.py	Lemma-D derives the seal amplitude from the native Branch-P ladder
cascade_bv9_reshoot_Z1.py	2836cc8694db1967ba0d03ee43184ab87238ae05	2026-07-02T19:16:27-04:00	2836cc8694db1967ba0d03ee43184ab87238ae05	2026-07-02T19:16:27-04:00	C05_LEMMA_D	NATIVE_2026-07-01	ladder_lemmaD_sealing_amplitude_results.md;cascade_stageC_results.md;f766478		HISTORICAL	archive/INDEX_pre_simple_metric_WR_L_2026-07-09.md:SUPERSEDED_as_frontier;family_result_record	FOUNDATIONS	MACRO;PARTICLE_MASS	BLOCKED_PROVENANCE_CORRECTION_REQUIRED	archive/native_2026-07-01/foundations/universe_cell/cascade_bv9_reshoot_Z1.py	Lemma-D derives the seal amplitude from the native Branch-P ladder
cascade_bv9_tables.py	2836cc8694db1967ba0d03ee43184ab87238ae05	2026-07-02T19:16:27-04:00	2836cc8694db1967ba0d03ee43184ab87238ae05	2026-07-02T19:16:27-04:00	C05_LEMMA_D	NATIVE_2026-07-01	ladder_lemmaD_sealing_amplitude_results.md;cascade_stageC_results.md;f766478		HISTORICAL	archive/INDEX_pre_simple_metric_WR_L_2026-07-09.md:SUPERSEDED_as_frontier;family_result_record	FOUNDATIONS	MACRO;PARTICLE_MASS	BLOCKED_PROVENANCE_CORRECTION_REQUIRED	archive/native_2026-07-01/foundations/universe_cell/cascade_bv9_tables.py	Lemma-D derives the seal amplitude from the native Branch-P ladder
cascade_characterization_miniMAP.md	876ea84a656b5428305b7ca5957184b32dd7fc3a	2026-07-02T16:12:39-04:00	ab75eb3966459532bd646d3157649d5d690391ad	2026-07-02T17:34:29-04:00	C00_CHARACTERIZATION_MAP	NATIVE_2026-07-01	universe_cell_T3_closure_results.md;cascade_characterization_miniMAP.md;f766478		HISTORICAL	archive/INDEX_pre_simple_metric_WR_L_2026-07-09.md:SUPERSEDED_as_frontier;family_result_record	FOUNDATIONS	MACRO;PARTICLE_MASS	BLOCKED_PROVENANCE_CORRECTION_REQUIRED	archive/native_2026-07-01/foundations/universe_cell/cascade_characterization_miniMAP.md	characterization map explicitly extends the native T3 universe-cell closure
cascade_lemD_bessel.py	2836cc8694db1967ba0d03ee43184ab87238ae05	2026-07-02T19:16:27-04:00	2836cc8694db1967ba0d03ee43184ab87238ae05	2026-07-02T19:16:27-04:00	C05_LEMMA_D	NATIVE_2026-07-01	ladder_lemmaD_sealing_amplitude_results.md;cascade_stageC_results.md;f766478		HISTORICAL	archive/INDEX_pre_simple_metric_WR_L_2026-07-09.md:SUPERSEDED_as_frontier;family_result_record	FOUNDATIONS	MACRO;PARTICLE_MASS	BLOCKED_PROVENANCE_CORRECTION_REQUIRED	archive/native_2026-07-01/foundations/universe_cell/cascade_lemD_bessel.py	Lemma-D derives the seal amplitude from the native Branch-P ladder
cascade_lemD_cas.py	2836cc8694db1967ba0d03ee43184ab87238ae05	2026-07-02T19:16:27-04:00	2836cc8694db1967ba0d03ee43184ab87238ae05	2026-07-02T19:16:27-04:00	C05_LEMMA_D	NATIVE_2026-07-01	ladder_lemmaD_sealing_amplitude_results.md;cascade_stageC_results.md;f766478		HISTORICAL	archive/INDEX_pre_simple_metric_WR_L_2026-07-09.md:SUPERSEDED_as_frontier;family_result_record	FOUNDATIONS	MACRO;PARTICLE_MASS	BLOCKED_PROVENANCE_CORRECTION_REQUIRED	archive/native_2026-07-01/foundations/universe_cell/cascade_lemD_cas.py	Lemma-D derives the seal amplitude from the native Branch-P ladder
cascade_lemD_final.py	2836cc8694db1967ba0d03ee43184ab87238ae05	2026-07-02T19:16:27-04:00	2836cc8694db1967ba0d03ee43184ab87238ae05	2026-07-02T19:16:27-04:00	C05_LEMMA_D	NATIVE_2026-07-01	ladder_lemmaD_sealing_amplitude_results.md;cascade_stageC_results.md;f766478		HISTORICAL	archive/INDEX_pre_simple_metric_WR_L_2026-07-09.md:SUPERSEDED_as_frontier;family_result_record	FOUNDATIONS	MACRO;PARTICLE_MASS	BLOCKED_PROVENANCE_CORRECTION_REQUIRED	archive/native_2026-07-01/foundations/universe_cell/cascade_lemD_final.py	Lemma-D derives the seal amplitude from the native Branch-P ladder
cascade_lemD_reshoot.py	2836cc8694db1967ba0d03ee43184ab87238ae05	2026-07-02T19:16:27-04:00	2836cc8694db1967ba0d03ee43184ab87238ae05	2026-07-02T19:16:27-04:00	C05_LEMMA_D	NATIVE_2026-07-01	ladder_lemmaD_sealing_amplitude_results.md;cascade_stageC_results.md;f766478		HISTORICAL	archive/INDEX_pre_simple_metric_WR_L_2026-07-09.md:SUPERSEDED_as_frontier;family_result_record	FOUNDATIONS	MACRO;PARTICLE_MASS	BLOCKED_PROVENANCE_CORRECTION_REQUIRED	archive/native_2026-07-01/foundations/universe_cell/cascade_lemD_reshoot.py	Lemma-D derives the seal amplitude from the native Branch-P ladder
cascade_lemD_table.py	2836cc8694db1967ba0d03ee43184ab87238ae05	2026-07-02T19:16:27-04:00	2836cc8694db1967ba0d03ee43184ab87238ae05	2026-07-02T19:16:27-04:00	C05_LEMMA_D	NATIVE_2026-07-01	ladder_lemmaD_sealing_amplitude_results.md;cascade_stageC_results.md;f766478		HISTORICAL	archive/INDEX_pre_simple_metric_WR_L_2026-07-09.md:SUPERSEDED_as_frontier;family_result_record	FOUNDATIONS	MACRO;PARTICLE_MASS	BLOCKED_PROVENANCE_CORRECTION_REQUIRED	archive/native_2026-07-01/foundations/universe_cell/cascade_lemD_table.py	Lemma-D derives the seal amplitude from the native Branch-P ladder
cascade_lemD_universal.py	2836cc8694db1967ba0d03ee43184ab87238ae05	2026-07-02T19:16:27-04:00	2836cc8694db1967ba0d03ee43184ab87238ae05	2026-07-02T19:16:27-04:00	C05_LEMMA_D	NATIVE_2026-07-01	ladder_lemmaD_sealing_amplitude_results.md;cascade_stageC_results.md;f766478		HISTORICAL	archive/INDEX_pre_simple_metric_WR_L_2026-07-09.md:SUPERSEDED_as_frontier;family_result_record	FOUNDATIONS	MACRO;PARTICLE_MASS	BLOCKED_PROVENANCE_CORRECTION_REQUIRED	archive/native_2026-07-01/foundations/universe_cell/cascade_lemD_universal.py	Lemma-D derives the seal amplitude from the native Branch-P ladder
cascade_or_energy_cas.py	5a82fbbd657402126c8f74af6b70bab92d02e274	2026-07-03T17:48:03-04:00	5a82fbbd657402126c8f74af6b70bab92d02e274	2026-07-03T17:48:03-04:00	C12_ENERGY_ORIENTATION	MIXED	ladder_energy_orientation_results.md;CANON.md:C-2026-07-03-1;f766478;GR_REFERENCE:Einstein_tensor+Misner-Sharp		HISTORICAL	archive/INDEX_pre_simple_metric_WR_L_2026-07-09.md:SUPERSEDED_as_frontier;family_result_record	FOUNDATIONS	MACRO;PARTICLE_MASS	BLOCKED_PROVENANCE_CORRECTION_REQUIRED	archive/post_2026-07-01/foundations/mixed_native_gr_readout/cascade_or_energy_cas.py	native action/EOM identities are combined with explicitly reference-only Einstein/MS readouts
cascade_or_energy_numeric.py	5a82fbbd657402126c8f74af6b70bab92d02e274	2026-07-03T17:48:03-04:00	5a82fbbd657402126c8f74af6b70bab92d02e274	2026-07-03T17:48:03-04:00	C12_ENERGY_ORIENTATION	MIXED	ladder_energy_orientation_results.md;CANON.md:C-2026-07-03-1;f766478;GR_REFERENCE:Einstein_tensor+Misner-Sharp		HISTORICAL	archive/INDEX_pre_simple_metric_WR_L_2026-07-09.md:SUPERSEDED_as_frontier;family_result_record	FOUNDATIONS	MACRO;PARTICLE_MASS	BLOCKED_PROVENANCE_CORRECTION_REQUIRED	archive/post_2026-07-01/foundations/mixed_native_gr_readout/cascade_or_energy_numeric.py	native action/EOM identities are combined with explicitly reference-only Einstein/MS readouts
cascade_or_energy_rung1_and_alignment.py	5a82fbbd657402126c8f74af6b70bab92d02e274	2026-07-03T17:48:03-04:00	5a82fbbd657402126c8f74af6b70bab92d02e274	2026-07-03T17:48:03-04:00	C12_ENERGY_ORIENTATION	MIXED	ladder_energy_orientation_results.md;CANON.md:C-2026-07-03-1;f766478;GR_REFERENCE:Einstein_tensor+Misner-Sharp		HISTORICAL	archive/INDEX_pre_simple_metric_WR_L_2026-07-09.md:SUPERSEDED_as_frontier;family_result_record	FOUNDATIONS	MACRO;PARTICLE_MASS	BLOCKED_PROVENANCE_CORRECTION_REQUIRED	archive/post_2026-07-01/foundations/mixed_native_gr_readout/cascade_or_energy_rung1_and_alignment.py	native action/EOM identities are combined with explicitly reference-only Einstein/MS readouts
cascade_s2_aggregate.py	883a484b7385e8bd21d305f237236c6a66e0c340	2026-07-03T15:31:09-04:00	883a484b7385e8bd21d305f237236c6a66e0c340	2026-07-03T15:31:09-04:00	C09_STABILITY_STAGE2	NATIVE_2026-07-01	stability_stage2_results.md;stability_operator_results.md;f766478		HISTORICAL	archive/INDEX_pre_simple_metric_WR_L_2026-07-09.md:SUPERSEDED_as_frontier;family_result_record	FOUNDATIONS	MACRO;PARTICLE_MASS	BLOCKED_PROVENANCE_CORRECTION_REQUIRED	archive/native_2026-07-01/foundations/universe_cell/cascade_s2_aggregate.py	stage-2 inertia census consumes the native stability operator
cascade_s2_core.py	883a484b7385e8bd21d305f237236c6a66e0c340	2026-07-03T15:31:09-04:00	883a484b7385e8bd21d305f237236c6a66e0c340	2026-07-03T15:31:09-04:00	C09_STABILITY_STAGE2	NATIVE_2026-07-01	stability_stage2_results.md;stability_operator_results.md;f766478		HISTORICAL	archive/INDEX_pre_simple_metric_WR_L_2026-07-09.md:SUPERSEDED_as_frontier;family_result_record	FOUNDATIONS	MACRO;PARTICLE_MASS	BLOCKED_PROVENANCE_CORRECTION_REQUIRED	archive/native_2026-07-01/foundations/universe_cell/cascade_s2_core.py	stage-2 inertia census consumes the native stability operator
cascade_s2_validate.py	883a484b7385e8bd21d305f237236c6a66e0c340	2026-07-03T15:31:09-04:00	883a484b7385e8bd21d305f237236c6a66e0c340	2026-07-03T15:31:09-04:00	C09_STABILITY_STAGE2	NATIVE_2026-07-01	stability_stage2_results.md;stability_operator_results.md;f766478		HISTORICAL	archive/INDEX_pre_simple_metric_WR_L_2026-07-09.md:SUPERSEDED_as_frontier;family_result_record	FOUNDATIONS	MACRO;PARTICLE_MASS	BLOCKED_PROVENANCE_CORRECTION_REQUIRED	archive/native_2026-07-01/foundations/universe_cell/cascade_s2_validate.py	stage-2 inertia census consumes the native stability operator
cascade_s3_lib.py	7a09b800a2f3f5a375c21cb66fdc8f173a23dcb7	2026-07-03T16:54:28-04:00	7a09b800a2f3f5a375c21cb66fdc8f173a23dcb7	2026-07-03T16:54:28-04:00	C10_SOFTMODE_PROVISIONAL	NATIVE_2026-07-01	ladder_softmode_results.md;stability_stage2_results.md;f766478		HISTORICAL	archive/INDEX_pre_simple_metric_WR_L_2026-07-09.md:SUPERSEDED_as_frontier;family_result_record	FOUNDATIONS	MACRO;PARTICLE_MASS	BLOCKED_PROVENANCE_CORRECTION_REQUIRED	archive/native_2026-07-01/foundations/universe_cell/cascade_s3_lib.py	provisional soft-mode scripts were later adjudicated in the same native stability family
cascade_s3_predictions.md	7a09b800a2f3f5a375c21cb66fdc8f173a23dcb7	2026-07-03T16:54:28-04:00	7a09b800a2f3f5a375c21cb66fdc8f173a23dcb7	2026-07-03T16:54:28-04:00	C10_SOFTMODE_PROVISIONAL	NATIVE_2026-07-01	ladder_softmode_results.md;stability_stage2_results.md;f766478		HISTORICAL	archive/INDEX_pre_simple_metric_WR_L_2026-07-09.md:SUPERSEDED_as_frontier;family_result_record	FOUNDATIONS	MACRO;PARTICLE_MASS	BLOCKED_PROVENANCE_CORRECTION_REQUIRED	archive/native_2026-07-01/foundations/universe_cell/cascade_s3_predictions.md	provisional soft-mode scripts were later adjudicated in the same native stability family
cascade_s3_t1_t4.py	7a09b800a2f3f5a375c21cb66fdc8f173a23dcb7	2026-07-03T16:54:28-04:00	7a09b800a2f3f5a375c21cb66fdc8f173a23dcb7	2026-07-03T16:54:28-04:00	C10_SOFTMODE_PROVISIONAL	NATIVE_2026-07-01	ladder_softmode_results.md;stability_stage2_results.md;f766478		HISTORICAL	archive/INDEX_pre_simple_metric_WR_L_2026-07-09.md:SUPERSEDED_as_frontier;family_result_record	FOUNDATIONS	MACRO;PARTICLE_MASS	BLOCKED_PROVENANCE_CORRECTION_REQUIRED	archive/native_2026-07-01/foundations/universe_cell/cascade_s3_t1_t4.py	provisional soft-mode scripts were later adjudicated in the same native stability family
cascade_s3_t2_t3.py	7a09b800a2f3f5a375c21cb66fdc8f173a23dcb7	2026-07-03T16:54:28-04:00	7a09b800a2f3f5a375c21cb66fdc8f173a23dcb7	2026-07-03T16:54:28-04:00	C10_SOFTMODE_PROVISIONAL	NATIVE_2026-07-01	ladder_softmode_results.md;stability_stage2_results.md;f766478		HISTORICAL	archive/INDEX_pre_simple_metric_WR_L_2026-07-09.md:SUPERSEDED_as_frontier;family_result_record	FOUNDATIONS	MACRO;PARTICLE_MASS	BLOCKED_PROVENANCE_CORRECTION_REQUIRED	archive/native_2026-07-01/foundations/universe_cell/cascade_s3_t2_t3.py	provisional soft-mode scripts were later adjudicated in the same native stability family
cascade_s3_t5.py	7a09b800a2f3f5a375c21cb66fdc8f173a23dcb7	2026-07-03T16:54:28-04:00	7a09b800a2f3f5a375c21cb66fdc8f173a23dcb7	2026-07-03T16:54:28-04:00	C10_SOFTMODE_PROVISIONAL	NATIVE_2026-07-01	ladder_softmode_results.md;stability_stage2_results.md;f766478		HISTORICAL	archive/INDEX_pre_simple_metric_WR_L_2026-07-09.md:SUPERSEDED_as_frontier;family_result_record	FOUNDATIONS	MACRO;PARTICLE_MASS	BLOCKED_PROVENANCE_CORRECTION_REQUIRED	archive/native_2026-07-01/foundations/universe_cell/cascade_s3_t5.py	provisional soft-mode scripts were later adjudicated in the same native stability family
cascade_s3_validate.py	7a09b800a2f3f5a375c21cb66fdc8f173a23dcb7	2026-07-03T16:54:28-04:00	7a09b800a2f3f5a375c21cb66fdc8f173a23dcb7	2026-07-03T16:54:28-04:00	C10_SOFTMODE_PROVISIONAL	NATIVE_2026-07-01	ladder_softmode_results.md;stability_stage2_results.md;f766478		HISTORICAL	archive/INDEX_pre_simple_metric_WR_L_2026-07-09.md:SUPERSEDED_as_frontier;family_result_record	FOUNDATIONS	MACRO;PARTICLE_MASS	BLOCKED_PROVENANCE_CORRECTION_REQUIRED	archive/native_2026-07-01/foundations/universe_cell/cascade_s3_validate.py	provisional soft-mode scripts were later adjudicated in the same native stability family
cascade_sf_cas1_bulk.py	4ee798243b0911bdd8360710aa84ca75aefae039	2026-07-03T13:59:49-04:00	4ee798243b0911bdd8360710aa84ca75aefae039	2026-07-03T13:59:49-04:00	C08_STABILITY_STAGE1	NATIVE_2026-07-01	stability_operator_results.md;twin_ladder_involution_results.md;f766478		HISTORICAL	archive/INDEX_pre_simple_metric_WR_L_2026-07-09.md:SUPERSEDED_as_frontier;family_result_record	FOUNDATIONS	MACRO;PARTICLE_MASS	BLOCKED_PROVENANCE_CORRECTION_REQUIRED	archive/native_2026-07-01/foundations/universe_cell/cascade_sf_cas1_bulk.py	second variation and Jacobi operator are derived from the native reduced action
cascade_sf_cas2_endpoint.py	4ee798243b0911bdd8360710aa84ca75aefae039	2026-07-03T13:59:49-04:00	4ee798243b0911bdd8360710aa84ca75aefae039	2026-07-03T13:59:49-04:00	C08_STABILITY_STAGE1	NATIVE_2026-07-01	stability_operator_results.md;twin_ladder_involution_results.md;f766478		HISTORICAL	archive/INDEX_pre_simple_metric_WR_L_2026-07-09.md:SUPERSEDED_as_frontier;family_result_record	FOUNDATIONS	MACRO;PARTICLE_MASS	BLOCKED_PROVENANCE_CORRECTION_REQUIRED	archive/native_2026-07-01/foundations/universe_cell/cascade_sf_cas2_endpoint.py	second variation and Jacobi operator are derived from the native reduced action
cascade_sf_cas4_zeromodes.py	4ee798243b0911bdd8360710aa84ca75aefae039	2026-07-03T13:59:49-04:00	4ee798243b0911bdd8360710aa84ca75aefae039	2026-07-03T13:59:49-04:00	C08_STABILITY_STAGE1	NATIVE_2026-07-01	stability_operator_results.md;twin_ladder_involution_results.md;f766478		HISTORICAL	archive/INDEX_pre_simple_metric_WR_L_2026-07-09.md:SUPERSEDED_as_frontier;family_result_record	FOUNDATIONS	MACRO;PARTICLE_MASS	BLOCKED_PROVENANCE_CORRECTION_REQUIRED	archive/native_2026-07-01/foundations/universe_cell/cascade_sf_cas4_zeromodes.py	second variation and Jacobi operator are derived from the native reduced action
cascade_sf_d5_spotcheck.py	4ee798243b0911bdd8360710aa84ca75aefae039	2026-07-03T13:59:49-04:00	4ee798243b0911bdd8360710aa84ca75aefae039	2026-07-03T13:59:49-04:00	C08_STABILITY_STAGE1	NATIVE_2026-07-01	stability_operator_results.md;twin_ladder_involution_results.md;f766478		HISTORICAL	archive/INDEX_pre_simple_metric_WR_L_2026-07-09.md:SUPERSEDED_as_frontier;family_result_record	FOUNDATIONS	MACRO;PARTICLE_MASS	BLOCKED_PROVENANCE_CORRECTION_REQUIRED	archive/native_2026-07-01/foundations/universe_cell/cascade_sf_d5_spotcheck.py	second variation and Jacobi operator are derived from the native reduced action
cascade_sf_d5b_extra.py	4ee798243b0911bdd8360710aa84ca75aefae039	2026-07-03T13:59:49-04:00	4ee798243b0911bdd8360710aa84ca75aefae039	2026-07-03T13:59:49-04:00	C08_STABILITY_STAGE1	NATIVE_2026-07-01	stability_operator_results.md;twin_ladder_involution_results.md;f766478		HISTORICAL	archive/INDEX_pre_simple_metric_WR_L_2026-07-09.md:SUPERSEDED_as_frontier;family_result_record	FOUNDATIONS	MACRO;PARTICLE_MASS	BLOCKED_PROVENANCE_CORRECTION_REQUIRED	archive/native_2026-07-01/foundations/universe_cell/cascade_sf_d5b_extra.py	second variation and Jacobi operator are derived from the native reduced action
cascade_stageA_extra.py	5177aea9252af40278bcdea65569039de5309893	2026-07-02T16:46:32-04:00	5177aea9252af40278bcdea65569039de5309893	2026-07-02T16:46:32-04:00	C01_STAGE_A	NATIVE_2026-07-01	cascade_stageA_results.md;universe_cell_T3_closure_results.md;f766478		HISTORICAL	archive/INDEX_pre_simple_metric_WR_L_2026-07-09.md:SUPERSEDED_as_frontier;family_result_record	FOUNDATIONS	MACRO;PARTICLE_MASS	BLOCKED_PROVENANCE_CORRECTION_REQUIRED	archive/native_2026-07-01/foundations/universe_cell/cascade_stageA_extra.py	Stage-A persistence tests use the native round-static Branch-P universe-cell equations
cascade_stageA_lib.py	5177aea9252af40278bcdea65569039de5309893	2026-07-02T16:46:32-04:00	5177aea9252af40278bcdea65569039de5309893	2026-07-02T16:46:32-04:00	C01_STAGE_A	NATIVE_2026-07-01	cascade_stageA_results.md;universe_cell_T3_closure_results.md;f766478		HISTORICAL	archive/INDEX_pre_simple_metric_WR_L_2026-07-09.md:SUPERSEDED_as_frontier;family_result_record	FOUNDATIONS	MACRO;PARTICLE_MASS	BLOCKED_PROVENANCE_CORRECTION_REQUIRED	archive/native_2026-07-01/foundations/universe_cell/cascade_stageA_lib.py	Stage-A persistence tests use the native round-static Branch-P universe-cell equations
cascade_stageA_run.py	5177aea9252af40278bcdea65569039de5309893	2026-07-02T16:46:32-04:00	5177aea9252af40278bcdea65569039de5309893	2026-07-02T16:46:32-04:00	C01_STAGE_A	NATIVE_2026-07-01	cascade_stageA_results.md;universe_cell_T3_closure_results.md;f766478		HISTORICAL	archive/INDEX_pre_simple_metric_WR_L_2026-07-09.md:SUPERSEDED_as_frontier;family_result_record	FOUNDATIONS	MACRO;PARTICLE_MASS	BLOCKED_PROVENANCE_CORRECTION_REQUIRED	archive/native_2026-07-01/foundations/universe_cell/cascade_stageA_run.py	Stage-A persistence tests use the native round-static Branch-P universe-cell equations
cascade_stageA_sanity.py	5177aea9252af40278bcdea65569039de5309893	2026-07-02T16:46:32-04:00	5177aea9252af40278bcdea65569039de5309893	2026-07-02T16:46:32-04:00	C01_STAGE_A	NATIVE_2026-07-01	cascade_stageA_results.md;universe_cell_T3_closure_results.md;f766478		HISTORICAL	archive/INDEX_pre_simple_metric_WR_L_2026-07-09.md:SUPERSEDED_as_frontier;family_result_record	FOUNDATIONS	MACRO;PARTICLE_MASS	BLOCKED_PROVENANCE_CORRECTION_REQUIRED	archive/native_2026-07-01/foundations/universe_cell/cascade_stageA_sanity.py	Stage-A persistence tests use the native round-static Branch-P universe-cell equations
cascade_stageB_above.py	20579ee944802b337195b43d55d1872a3e5a2e4e	2026-07-02T17:26:40-04:00	20579ee944802b337195b43d55d1872a3e5a2e4e	2026-07-02T17:26:40-04:00	C02_STAGE_B	NATIVE_2026-07-01	cascade_stageB_results.md;cascade_stageA_results.md;f766478		HISTORICAL	archive/INDEX_pre_simple_metric_WR_L_2026-07-09.md:SUPERSEDED_as_frontier;family_result_record	FOUNDATIONS	MACRO;PARTICLE_MASS	BLOCKED_PROVENANCE_CORRECTION_REQUIRED	archive/native_2026-07-01/foundations/universe_cell/cascade_stageB_above.py	Stage-B ladder continues the native Stage-A/T3 operator lineage
cascade_stageB_analysis.py	20579ee944802b337195b43d55d1872a3e5a2e4e	2026-07-02T17:26:40-04:00	20579ee944802b337195b43d55d1872a3e5a2e4e	2026-07-02T17:26:40-04:00	C02_STAGE_B	NATIVE_2026-07-01	cascade_stageB_results.md;cascade_stageA_results.md;f766478		HISTORICAL	archive/INDEX_pre_simple_metric_WR_L_2026-07-09.md:SUPERSEDED_as_frontier;family_result_record	FOUNDATIONS	MACRO;PARTICLE_MASS	BLOCKED_PROVENANCE_CORRECTION_REQUIRED	archive/native_2026-07-01/foundations/universe_cell/cascade_stageB_analysis.py	Stage-B ladder continues the native Stage-A/T3 operator lineage
cascade_stageB_bisect.py	20579ee944802b337195b43d55d1872a3e5a2e4e	2026-07-02T17:26:40-04:00	20579ee944802b337195b43d55d1872a3e5a2e4e	2026-07-02T17:26:40-04:00	C02_STAGE_B	NATIVE_2026-07-01	cascade_stageB_results.md;cascade_stageA_results.md;f766478		HISTORICAL	archive/INDEX_pre_simple_metric_WR_L_2026-07-09.md:SUPERSEDED_as_frontier;family_result_record	FOUNDATIONS	MACRO;PARTICLE_MASS	BLOCKED_PROVENANCE_CORRECTION_REQUIRED	archive/native_2026-07-01/foundations/universe_cell/cascade_stageB_bisect.py	Stage-B ladder continues the native Stage-A/T3 operator lineage
cascade_stageB_common.py	20579ee944802b337195b43d55d1872a3e5a2e4e	2026-07-02T17:26:40-04:00	20579ee944802b337195b43d55d1872a3e5a2e4e	2026-07-02T17:26:40-04:00	C02_STAGE_B	NATIVE_2026-07-01	cascade_stageB_results.md;cascade_stageA_results.md;f766478		HISTORICAL	archive/INDEX_pre_simple_metric_WR_L_2026-07-09.md:SUPERSEDED_as_frontier;family_result_record	FOUNDATIONS	MACRO;PARTICLE_MASS	BLOCKED_PROVENANCE_CORRECTION_REQUIRED	archive/native_2026-07-01/foundations/universe_cell/cascade_stageB_common.py	Stage-B ladder continues the native Stage-A/T3 operator lineage
cascade_stageB_sanity.py	20579ee944802b337195b43d55d1872a3e5a2e4e	2026-07-02T17:26:40-04:00	20579ee944802b337195b43d55d1872a3e5a2e4e	2026-07-02T17:26:40-04:00	C02_STAGE_B	NATIVE_2026-07-01	cascade_stageB_results.md;cascade_stageA_results.md;f766478		HISTORICAL	archive/INDEX_pre_simple_metric_WR_L_2026-07-09.md:SUPERSEDED_as_frontier;family_result_record	FOUNDATIONS	MACRO;PARTICLE_MASS	BLOCKED_PROVENANCE_CORRECTION_REQUIRED	archive/native_2026-07-01/foundations/universe_cell/cascade_stageB_sanity.py	Stage-B ladder continues the native Stage-A/T3 operator lineage
cascade_stageB_sweep.py	20579ee944802b337195b43d55d1872a3e5a2e4e	2026-07-02T17:26:40-04:00	20579ee944802b337195b43d55d1872a3e5a2e4e	2026-07-02T17:26:40-04:00	C02_STAGE_B	NATIVE_2026-07-01	cascade_stageB_results.md;cascade_stageA_results.md;f766478		HISTORICAL	archive/INDEX_pre_simple_metric_WR_L_2026-07-09.md:SUPERSEDED_as_frontier;family_result_record	FOUNDATIONS	MACRO;PARTICLE_MASS	BLOCKED_PROVENANCE_CORRECTION_REQUIRED	archive/native_2026-07-01/foundations/universe_cell/cascade_stageB_sweep.py	Stage-B ladder continues the native Stage-A/T3 operator lineage
cascade_stageB_twomethod.py	20579ee944802b337195b43d55d1872a3e5a2e4e	2026-07-02T17:26:40-04:00	20579ee944802b337195b43d55d1872a3e5a2e4e	2026-07-02T17:26:40-04:00	C02_STAGE_B	NATIVE_2026-07-01	cascade_stageB_results.md;cascade_stageA_results.md;f766478		HISTORICAL	archive/INDEX_pre_simple_metric_WR_L_2026-07-09.md:SUPERSEDED_as_frontier;family_result_record	FOUNDATIONS	MACRO;PARTICLE_MASS	BLOCKED_PROVENANCE_CORRECTION_REQUIRED	archive/native_2026-07-01/foundations/universe_cell/cascade_stageB_twomethod.py	Stage-B ladder continues the native Stage-A/T3 operator lineage
cascade_stageC_lib.py	24671fabfc1e2e21a1d08c1b24ae4639c9e83263	2026-07-02T17:57:46-04:00	24671fabfc1e2e21a1d08c1b24ae4639c9e83263	2026-07-02T17:57:46-04:00	C03_STAGE_C	NATIVE_2026-07-01	cascade_stageC_results.md;cascade_stageB_results.md;f766478		HISTORICAL	archive/INDEX_pre_simple_metric_WR_L_2026-07-09.md:SUPERSEDED_as_frontier;family_result_record	FOUNDATIONS	MACRO;PARTICLE_MASS	BLOCKED_PROVENANCE_CORRECTION_REQUIRED	archive/native_2026-07-01/foundations/universe_cell/cascade_stageC_lib.py	Stage-C family universality continues the native universe-cell ladder
cascade_stageC_run.py	24671fabfc1e2e21a1d08c1b24ae4639c9e83263	2026-07-02T17:57:46-04:00	24671fabfc1e2e21a1d08c1b24ae4639c9e83263	2026-07-02T17:57:46-04:00	C03_STAGE_C	NATIVE_2026-07-01	cascade_stageC_results.md;cascade_stageB_results.md;f766478		HISTORICAL	archive/INDEX_pre_simple_metric_WR_L_2026-07-09.md:SUPERSEDED_as_frontier;family_result_record	FOUNDATIONS	MACRO;PARTICLE_MASS	BLOCKED_PROVENANCE_CORRECTION_REQUIRED	archive/native_2026-07-01/foundations/universe_cell/cascade_stageC_run.py	Stage-C family universality continues the native universe-cell ladder
cascade_stageD_prereg.md	34d1b6b1c4469f1fccf77eb6a212fc90cc766ee2	2026-07-03T19:20:32-04:00	34d1b6b1c4469f1fccf77eb6a212fc90cc766ee2	2026-07-03T19:20:32-04:00	C13_STAGED_PREREG	NATIVE_2026-07-01	cascade_stageD_prereg.md;cascade_stageC_results.md;f766478		FROZEN	archive/INDEX_pre_simple_metric_WR_L_2026-07-09.md:SUPERSEDED_as_frontier;family_result_record	FOUNDATIONS	MACRO;PARTICLE_MASS	IMMUTABLE_PATH_RETAIN	cascade_stageD_prereg.md	hash-frozen Stage-D prediction contract on the native cascade lineage
cascade_stageD_sweep_refine.py	6cb6e306c0549f14f775ac956ffde7cc119267c9	2026-07-03T19:31:14-04:00	6cb6e306c0549f14f775ac956ffde7cc119267c9	2026-07-03T19:31:14-04:00	C14_STAGED_DATA	NATIVE_2026-07-01	cascade_stageD_results.md;cascade_stageD_prereg.md;f766478		HISTORICAL	archive/INDEX_pre_simple_metric_WR_L_2026-07-09.md:SUPERSEDED_as_frontier;family_result_record	FOUNDATIONS	MACRO;PARTICLE_MASS	BLOCKED_PROVENANCE_CORRECTION_REQUIRED	archive/native_2026-07-01/foundations/universe_cell/cascade_stageD_sweep_refine.py	Stage-D sweep machinery evaluates the preregistered native-cascade forecast
cascade_stageD_sweep_scan.py	6cb6e306c0549f14f775ac956ffde7cc119267c9	2026-07-03T19:31:14-04:00	6cb6e306c0549f14f775ac956ffde7cc119267c9	2026-07-03T19:31:14-04:00	C14_STAGED_DATA	NATIVE_2026-07-01	cascade_stageD_results.md;cascade_stageD_prereg.md;f766478		HISTORICAL	archive/INDEX_pre_simple_metric_WR_L_2026-07-09.md:SUPERSEDED_as_frontier;family_result_record	FOUNDATIONS	MACRO;PARTICLE_MASS	BLOCKED_PROVENANCE_CORRECTION_REQUIRED	archive/native_2026-07-01/foundations/universe_cell/cascade_stageD_sweep_scan.py	Stage-D sweep machinery evaluates the preregistered native-cascade forecast
cascade_th2_bottom_beta.py	add2f22217576fa96308c68bc459e8e271affddf	2026-07-02T20:49:47-04:00	add2f22217576fa96308c68bc459e8e271affddf	2026-07-02T20:49:47-04:00	C06_THETA0_ACCUMULATION	NATIVE_2026-07-01	ladder_theta0_accumulation_results.md;ladder_lemmaD_sealing_amplitude_results.md;f766478		HISTORICAL	archive/INDEX_pre_simple_metric_WR_L_2026-07-09.md:SUPERSEDED_as_frontier;family_result_record	FOUNDATIONS	MACRO;PARTICLE_MASS	BLOCKED_PROVENANCE_CORRECTION_REQUIRED	archive/native_2026-07-01/foundations/universe_cell/cascade_th2_bottom_beta.py	second-order closure uses the native T3 EOM, Hamiltonian, flux law, and fold pins
cascade_th2_bottom_system.py	add2f22217576fa96308c68bc459e8e271affddf	2026-07-02T20:49:47-04:00	add2f22217576fa96308c68bc459e8e271affddf	2026-07-02T20:49:47-04:00	C06_THETA0_ACCUMULATION	NATIVE_2026-07-01	ladder_theta0_accumulation_results.md;ladder_lemmaD_sealing_amplitude_results.md;f766478		HISTORICAL	archive/INDEX_pre_simple_metric_WR_L_2026-07-09.md:SUPERSEDED_as_frontier;family_result_record	FOUNDATIONS	MACRO;PARTICLE_MASS	BLOCKED_PROVENANCE_CORRECTION_REQUIRED	archive/native_2026-07-01/foundations/universe_cell/cascade_th2_bottom_system.py	second-order closure uses the native T3 EOM, Hamiltonian, flux law, and fold pins
cascade_th2_cas_checks.py	add2f22217576fa96308c68bc459e8e271affddf	2026-07-02T20:49:47-04:00	add2f22217576fa96308c68bc459e8e271affddf	2026-07-02T20:49:47-04:00	C06_THETA0_ACCUMULATION	NATIVE_2026-07-01	ladder_theta0_accumulation_results.md;ladder_lemmaD_sealing_amplitude_results.md;f766478		HISTORICAL	archive/INDEX_pre_simple_metric_WR_L_2026-07-09.md:SUPERSEDED_as_frontier;family_result_record	FOUNDATIONS	MACRO;PARTICLE_MASS	BLOCKED_PROVENANCE_CORRECTION_REQUIRED	archive/native_2026-07-01/foundations/universe_cell/cascade_th2_cas_checks.py	second-order closure uses the native T3 EOM, Hamiltonian, flux law, and fold pins
cascade_th2_cas_kappa.py	add2f22217576fa96308c68bc459e8e271affddf	2026-07-02T20:49:47-04:00	add2f22217576fa96308c68bc459e8e271affddf	2026-07-02T20:49:47-04:00	C06_THETA0_ACCUMULATION	NATIVE_2026-07-01	ladder_theta0_accumulation_results.md;ladder_lemmaD_sealing_amplitude_results.md;f766478		HISTORICAL	archive/INDEX_pre_simple_metric_WR_L_2026-07-09.md:SUPERSEDED_as_frontier;family_result_record	FOUNDATIONS	MACRO;PARTICLE_MASS	BLOCKED_PROVENANCE_CORRECTION_REQUIRED	archive/native_2026-07-01/foundations/universe_cell/cascade_th2_cas_kappa.py	second-order closure uses the native T3 EOM, Hamiltonian, flux law, and fold pins
cascade_th2_final_table.py	add2f22217576fa96308c68bc459e8e271affddf	2026-07-02T20:49:47-04:00	add2f22217576fa96308c68bc459e8e271affddf	2026-07-02T20:49:47-04:00	C06_THETA0_ACCUMULATION	NATIVE_2026-07-01	ladder_theta0_accumulation_results.md;ladder_lemmaD_sealing_amplitude_results.md;f766478		HISTORICAL	archive/INDEX_pre_simple_metric_WR_L_2026-07-09.md:SUPERSEDED_as_frontier;family_result_record	FOUNDATIONS	MACRO;PARTICLE_MASS	BLOCKED_PROVENANCE_CORRECTION_REQUIRED	archive/native_2026-07-01/foundations/universe_cell/cascade_th2_final_table.py	second-order closure uses the native T3 EOM, Hamiltonian, flux law, and fold pins
cascade_th2_launch.py	add2f22217576fa96308c68bc459e8e271affddf	2026-07-02T20:49:47-04:00	add2f22217576fa96308c68bc459e8e271affddf	2026-07-02T20:49:47-04:00	C06_THETA0_ACCUMULATION	NATIVE_2026-07-01	ladder_theta0_accumulation_results.md;ladder_lemmaD_sealing_amplitude_results.md;f766478		HISTORICAL	archive/INDEX_pre_simple_metric_WR_L_2026-07-09.md:SUPERSEDED_as_frontier;family_result_record	FOUNDATIONS	MACRO;PARTICLE_MASS	BLOCKED_PROVENANCE_CORRECTION_REQUIRED	archive/native_2026-07-01/foundations/universe_cell/cascade_th2_launch.py	second-order closure uses the native T3 EOM, Hamiltonian, flux law, and fold pins
cascade_th2_nodewise.py	add2f22217576fa96308c68bc459e8e271affddf	2026-07-02T20:49:47-04:00	add2f22217576fa96308c68bc459e8e271affddf	2026-07-02T20:49:47-04:00	C06_THETA0_ACCUMULATION	NATIVE_2026-07-01	ladder_theta0_accumulation_results.md;ladder_lemmaD_sealing_amplitude_results.md;f766478		HISTORICAL	archive/INDEX_pre_simple_metric_WR_L_2026-07-09.md:SUPERSEDED_as_frontier;family_result_record	FOUNDATIONS	MACRO;PARTICLE_MASS	BLOCKED_PROVENANCE_CORRECTION_REQUIRED	archive/native_2026-07-01/foundations/universe_cell/cascade_th2_nodewise.py	second-order closure uses the native T3 EOM, Hamiltonian, flux law, and fold pins
cascade_th2_predict_measure.py	add2f22217576fa96308c68bc459e8e271affddf	2026-07-02T20:49:47-04:00	add2f22217576fa96308c68bc459e8e271affddf	2026-07-02T20:49:47-04:00	C06_THETA0_ACCUMULATION	NATIVE_2026-07-01	ladder_theta0_accumulation_results.md;ladder_lemmaD_sealing_amplitude_results.md;f766478		HISTORICAL	archive/INDEX_pre_simple_metric_WR_L_2026-07-09.md:SUPERSEDED_as_frontier;family_result_record	FOUNDATIONS	MACRO;PARTICLE_MASS	BLOCKED_PROVENANCE_CORRECTION_REQUIRED	archive/native_2026-07-01/foundations/universe_cell/cascade_th2_predict_measure.py	second-order closure uses the native T3 EOM, Hamiltonian, flux law, and fold pins
cascade_tw_cas.py	48b50d402960f92aaa345daee26ae7dd14dca0c0	2026-07-03T11:27:21-04:00	48b50d402960f92aaa345daee26ae7dd14dca0c0	2026-07-03T11:27:21-04:00	C07_TWIN_LADDER	NATIVE_2026-07-01	twin_ladder_involution_results.md;ladder_theta0_accumulation_results.md;f766478		HISTORICAL	archive/INDEX_pre_simple_metric_WR_L_2026-07-09.md:SUPERSEDED_as_frontier;family_result_record	FOUNDATIONS	MACRO;PARTICLE_MASS	BLOCKED_PROVENANCE_CORRECTION_REQUIRED	archive/native_2026-07-01/foundations/universe_cell/cascade_tw_cas.py	twin involution is derived on the native round-static Branch-P action
cascade_tw_confirm.py	48b50d402960f92aaa345daee26ae7dd14dca0c0	2026-07-03T11:27:21-04:00	48b50d402960f92aaa345daee26ae7dd14dca0c0	2026-07-03T11:27:21-04:00	C07_TWIN_LADDER	NATIVE_2026-07-01	twin_ladder_involution_results.md;ladder_theta0_accumulation_results.md;f766478		HISTORICAL	archive/INDEX_pre_simple_metric_WR_L_2026-07-09.md:SUPERSEDED_as_frontier;family_result_record	FOUNDATIONS	MACRO;PARTICLE_MASS	BLOCKED_PROVENANCE_CORRECTION_REQUIRED	archive/native_2026-07-01/foundations/universe_cell/cascade_tw_confirm.py	twin involution is derived on the native round-static Branch-P action
cascade_tw_n1twin.py	48b50d402960f92aaa345daee26ae7dd14dca0c0	2026-07-03T11:27:21-04:00	48b50d402960f92aaa345daee26ae7dd14dca0c0	2026-07-03T11:27:21-04:00	C07_TWIN_LADDER	NATIVE_2026-07-01	twin_ladder_involution_results.md;ladder_theta0_accumulation_results.md;f766478		HISTORICAL	archive/INDEX_pre_simple_metric_WR_L_2026-07-09.md:SUPERSEDED_as_frontier;family_result_record	FOUNDATIONS	MACRO;PARTICLE_MASS	BLOCKED_PROVENANCE_CORRECTION_REQUIRED	archive/native_2026-07-01/foundations/universe_cell/cascade_tw_n1twin.py	twin involution is derived on the native round-static Branch-P action
cascade_tw_pred.py	48b50d402960f92aaa345daee26ae7dd14dca0c0	2026-07-03T11:27:21-04:00	48b50d402960f92aaa345daee26ae7dd14dca0c0	2026-07-03T11:27:21-04:00	C07_TWIN_LADDER	NATIVE_2026-07-01	twin_ladder_involution_results.md;ladder_theta0_accumulation_results.md;f766478		HISTORICAL	archive/INDEX_pre_simple_metric_WR_L_2026-07-09.md:SUPERSEDED_as_frontier;family_result_record	FOUNDATIONS	MACRO;PARTICLE_MASS	BLOCKED_PROVENANCE_CORRECTION_REQUIRED	archive/native_2026-07-01/foundations/universe_cell/cascade_tw_pred.py	twin involution is derived on the native round-static Branch-P action
cascade_tw_probe.py	48b50d402960f92aaa345daee26ae7dd14dca0c0	2026-07-03T11:27:21-04:00	48b50d402960f92aaa345daee26ae7dd14dca0c0	2026-07-03T11:27:21-04:00	C07_TWIN_LADDER	NATIVE_2026-07-01	twin_ladder_involution_results.md;ladder_theta0_accumulation_results.md;f766478		HISTORICAL	archive/INDEX_pre_simple_metric_WR_L_2026-07-09.md:SUPERSEDED_as_frontier;family_result_record	FOUNDATIONS	MACRO;PARTICLE_MASS	BLOCKED_PROVENANCE_CORRECTION_REQUIRED	archive/native_2026-07-01/foundations/universe_cell/cascade_tw_probe.py	twin involution is derived on the native round-static Branch-P action
cascade_tw_reshoot.py	48b50d402960f92aaa345daee26ae7dd14dca0c0	2026-07-03T11:27:21-04:00	48b50d402960f92aaa345daee26ae7dd14dca0c0	2026-07-03T11:27:21-04:00	C07_TWIN_LADDER	NATIVE_2026-07-01	twin_ladder_involution_results.md;ladder_theta0_accumulation_results.md;f766478		HISTORICAL	archive/INDEX_pre_simple_metric_WR_L_2026-07-09.md:SUPERSEDED_as_frontier;family_result_record	FOUNDATIONS	MACRO;PARTICLE_MASS	BLOCKED_PROVENANCE_CORRECTION_REQUIRED	archive/native_2026-07-01/foundations/universe_cell/cascade_tw_reshoot.py	twin involution is derived on the native round-static Branch-P action
